code,percentage,localname,englishname,contributors
ar,100,العربية,Arabic,Haitham Doraidy mohammad naji yaser nanoua Abdulbari mokhles.atallah efaiald Yasser Elkhateeb €gypt southern.carpenter majed404 imosa3da a.gamal.eldin88 luai.naji k.alqaheri loubani.yahia samarrai m256a acc.mohamedhamza88 adnan facysd SBSCC aalkaf.94 usama.ibraheem z.kheliwi akhatib scony10 ashraf.i.salameh omarelmasry2006 yasir_smart8889 omair5354 mohammedessam111 atmaalouf ali.nasser.93 aymanaaat asaawan magasal20 bookkuwait osman.a.mahmoud aabuzaid rizkadel mohammadayoubq jihad
nl,100,Nederlands,Dutch,Ernst Bunders Hennie Eerhart martijn vincent Tomasz Nguyen carel.ketelaars Paul van Rijn Mehh Yorrick Hardeman tomas.scheldeman Richard Martijn D. Aart van Oploo joost Anton Jos Geluk Frank sraslan reyjamin aartdijkstra rory Mitch Gooijer ingeschuffelen 2BeFresh rob alex peterfick.nl bram.kort raymondlukassen marloesknetemann t.aski rikroukens Reggie Dinsbach
id,100,Bahasa Indonesia,Indonesian,reyjamin stanisk3101 Yhoga Heru Pratama kapkuncara Ajisaka teddie tesargusmawan w.nugrahadi mandau Anies Pertiwi adipriyanto.bpn darmawan.sidiq 19.guardians rahmat jeppy.chriz khairfathul fikri514 herrycandi1963 didi.purwadi mastertranskrip bermansnbbn tuliskode amantun sariningbhuana rhama.donny ubaylicious morsen_hepi dnirawan79
el,100,Ελληνικά,Greek,ntrimmis Antonis Vlachos pandhm Kostas Subdee giorgos.arnakis manolis Stathis Mellios dpantoulas skazakis nitro912gr theodorakisg leongreece info panarapi forologinpc pcon konstantinos.tsatsarounos aristeidisgkoros delliospetros vcharlos
vi,100,Tiếng Việt,Vietnamese,Vũ Văn Hoàn - Asanzo Hà Nội buitrunghau yewleung Nguyễn Đình Quân Duy Trung tbn.tran93 hungphamquoc Pablo Alvarado lxkhanh189 lequanghoa xoojulian hoanglongrs
de,100,Deutsch,German,Daniel Ruf Marko Langer d_k1 nielsaufdeepspace9 khargoth24 taieyaman tosho1994 Manuel Klarmann abdulshafie99 arno Daniel Banck
sr,100,srpski,Serbian,analiza.fin.izvjestaja vojkan.milovanovic dragan.vukosavljevic Nikola Maric Dr Nedic Nikola dragoslav.nikolic tanicbozidar bojanpavlovicoffice draganmatrox Goran Jordović
af,100,Afrikaans,Afrikaans,martinmeyer007 jannie durkpotgieter claudine.venter1 thinusg belinda.truscott hitimanajphugues alex.caudron Andrew van der Spuy gerhard.bez
is,100,íslenska,Icelandic,Gunnar Geir snaei8 heimir kjartansverrisson mattiazer omar vorverk ingimarjons advocat
et,100,eesti,Estonian,Gunnar Michelson jjk arva.arp raha 6598335 rivozangov secret123
mk,100,македонски јазик,Macedonian,novica Predrag Tasevski marko.aleksov gligorovski.g dlalkov
sq,100,shqipe,Albanian,Egzon Prokupla jurild_hoxha Suad A. Tafili atdhe_19 taulant.haxholli
zh-HK,100,中文(香港),Traditional Chinese (Hong Kong),erph.com.hk
lt,98,lietuvių,Lithuanian,MES GALIM irina edlu73 ramunas atolodas Povilas Klusas andrius
pt,97,Português,Portuguese,Manuela Silva bmrcarneiro Nuno Lopes celexi Alexsander Donay Samuel Mesquita Ana Fonseca ido sooskca chinguelessi euhudson luiz aapinto godoyjon Luis Panao osmar.mateus guilhermeschneiderbr felipe Lucas diego.viegas
tr,97,Türkçe,Turkish,ahmetnsr07 erincfirtina posta Ufuk enesemretas ŞENOL KOÇAN bunyaminkoz ademalp selimelitas7 srknakarcay ipek ilham123836 brnozcan alisanari doganhatip a.kadirgngr İsmail Demirbilek okanciftci34 Egzon Prokupla artunalyan alierhanersoy ahmet talatcorak netusta berke.turgan
ro,94,română,Romanian,consult.brasov paul.pitea Sorin vfrunza Catalin Dragomirescu vasile.chisu toda ioan
fa,93,فارسى,Persian,pnshad Aiub MRNasseri o.ahmadi.mail monib19 hamzelo.ali mehdi_song torabian.7 metalixon mo_jair efa programingc42 kamitoto1995 peyman.mohamadpour navidhaghi waheed
sv,92,svenska,Swedish,Jan-Eric Lindh larsonniwik Fredrik Duwell mattenrone
es,88,español,Spanish,Marco Picón oscargonz Diego Represas jf150552 taxmatters.richmond cametiope romsaz info juanmagic01 josegjimenez greatexe Luis Galvez lublanchod fernando.lguevara Angel luis info Freddy Isaac egonzalez osorio022 Luigi caparra arlopeza leoxordonez ferwind rodrigo.ortiz info malrod alaskamama antoniomagagna leonsk29 flira1010 gustavo waldinads1987 des franciscobama
sk,87,slovenčina,Slovak,managerioslovak Lubos Hasko hiddenvs pavol.paluga Július Meri monikafoster
de-CH,84,Deutsch (Schweiz),German (Switzerland),Radio64 johnwhosmithwatson Phantom75 wkfrehner
hr,83,hrvatski,Croatian,vedran.ivancevic daniel.phenomena frost.giant.miniatures zsvegar darko.borojevic bbbbxxx civija mario.strmen.dvorski misic.mirko christian
fr,83,français,French,antoinebargel nujabe.com webtranslateit.com 500assets.com jpmorin nicolas julien Erwin Mayer scialet Daniel G olivier.asselin doris.gagnon eriam kdaffef Wesly  pavel robert ju alexandrehitchcox alexandre.gauvin Abdellah Elfilali natalia.pokrovskaya chsmo33 karensg.mk lamarane mickaelramanitrera antoine.rouse rabodanmaha
az,83,Azərbaycan,Azeri,anarsmac elxan96 90ez090 moize
sl,82,slovenski,Slovenian,David blaziusgr Silvo Jakob Gregor Sušanj Jure Medved Ivo foseklin marko.munda andrej.volpi lionidas0001 bostjan.petru thegreatwise
te,78,తెలుగు,Telugu,sekhar.apps10 kesava reddy hana raj.nann vsurimanchi vveeru19
si,77,siṁhala,Sinhala,admin Pahan SBSCC virajkavn sheronwollas chanakaicdl thisara.gunathilaka kasun.subasinghe akjhemachandra
ta,77,தமிழ்,Tamil,M. Palaniappan Jiyath ahamed ayyanprasathpalani SBSCC dr.kumarasingam mail2muthuram sathyayuge24 thavaruban sundaresanraja befrontliner kvenkat_2k1 Mohamed Basheer
ca,75,català,Catalan,Quim Gual
dv,74,Divehi,Divehi,ޔާސިފް abdhulla.alim
ru,72,русский,Russian,mprokopov Anastasia Оля Stepan Galkin azampas Ramonkz broslavski natalia.pokrovskaya
bs,72,bosanski,Bosnian,dino.bojcic logical ahajdar adnan Vesmir Ruznic sraslan
ms,69,Bahasa Melayu,Malay,firdauspr auradash hamzah norman05051984 aeo.ashraf detjohn13 asyrafkhairuddin92 Rshd Mohd mydispomail-001 idea_hairul cskhua od3n mysycsolutions amirul.asswad halimhamdan adrysabry
uz,68,oʻzbekcha,Uzbek,Diyor
fi,62,suomi,Finnish,Juha Auvinen shotdog mikko
bn,62,বাংলা,Bengali,andrew Monowar Hossain sykat007 iktheruddin096 arif.css123 qstar.inc mazhar266 hasan87abc Md. Ikramul Hossain  shafizelal jessoreit topu11543 ceo rashidul6 mannuinfo polashpalchowdury contact
zh-CN,59,中文(简体),Simplified Chinese (China),zlg.happy fantacyzc ryan.lufh jameslee4848 xoojulian zack hzfywkj tony.tong 593915157 beiruoyi_1016 jtayyw admin yanchoo
my,59,မြန်မာစာ,Burmese,Lin Win Thu tunwn.mdy mbanyar033
th,58,ไทย,Thai,Pichaya.L ChiVasCz nattariya kunthawat ssrinora saravuthc suratlee tawat.ted
no,57,norsk,Norwegian,Kevin Jung Park theodor Rune Michael Hofstad alexander.dawson
da,51,dansk,Danish,finnwandersen Torben Hasse Kirkegaard railer12 soren wegeberg kurtha bkooss
ur,51,اُردو,Urdu,aasim.sethi tmntbob Moeen Hashmi Hassaan Khawer Amjad Cheema thenewelectricstore muhammadatif.memon ashfaq202 awais_sohail89 mshahid7194090 91.syedhunain mzraza usrana52 celticom saqib.pcg
pl,51,polski,Polish,Krzysztof Pilars greg goliat4 daaaaniel info atudetank rzeka
ko,49,한국어,Korean,ingen
hu,48,magyar,Hungarian,radi Pal Turcsan pmarjai radnog gabor zolenor
zh-TW,46,中文(台灣),Traditional Chinese (Taiwan),assanges simon.tai Jefferson matt81412 c.hwa.liu iverson83102005 macho9929
hi,42,हिंदी,Hindi,Sameer Gupta anshumang244 pradeepkumarjangir pgaworld robin08rangi universalmedicaregkp ss621480 jbmakwana1 patel8795 hunaidzaki
it,36,italiano,Italian,a.giordano.mi tommaso.muro ruozzistefano Enrico Baioni grassi.alessio francesco.monte davide io webmaster brigo92.pb aces85 info piccioli66 Daniele Giulianelli jessica.oppedisano alby aurasanu nlogozzo123 m.apice74
mn,36,Mongɣol kele,Mongolian,munkh.munkhsoyol dulguunb ireedui2k5 daj_bud
bg,32,български,Bulgarian,y.hinov simeonov.martin krapchev dimo.chankov ivanov.ivaylo
uk,27,українська,Ukrainian,dgorbachov julia.litovenko swet92 d.matiushko
ne,27,नेपाली,Nepali,Shital Subedi psychrabi rushon_4life srsroshan16 knocktouraj surendra.chand8
ku,25,کوردی,Kurdish,diyako eye.aram ibrahimqadir rebazsalih barhambakr
he,22,עברית,Hebrew,Isaac Portal danielh101 nir
be,20,Беларускі,Belarusian,6598335
so,19,Af-Soomaali,Somali,hasantanni mudey001 liinxasan10
ml,19,മലയാളം,Malayalam,supergassales shinerajendran xkaterboi rafeekpp chinturj muraliksa musthafaanas sameerudma sameeh1986 spacesofttech
cs,17,čeština,Czech,lukas Daniel Vítek karel.jakub
gl,17,galego,Galician,Diego Represas
fy,17,Frysk,Frisian,land_wilco
ka,16,ქართული,Georgian,sssfile g.mikaia gzirishvili gzviadadze
gu,10,ગુજરાતી,Gujarati,thenewelectricstore Mayur Vyas samism.91 info.navkarsoftware patel8795
as,9,অসমীয়া,Assamese,mishra.ksarma2014 mksarma.ngo
kk,7,Қазақ тілі,Kazakh,genakarpov97
km,7,ភាសាខ្មែរ,Cambodian,admin translate
ja,6,日本語,Japanese,matsumoto htapmk22
sw,5,Kiswahili,Kiswahili,faraji5 jamesmpemba kweixalice
lv,3,latviešu,Latvian,sk inaram
bo,1,Tibetan,Tibetan,mlbodyig